{
  "type": "FeatureCollection",
  "name": "pnw-local-zones",
  "bbox": [
    -125.6,
    41.8,
    -113,
    50.2
  ],
  "features": [
    {
      "type": "Feature",
      "properties": {
        "tag": "sea",
        "label": "Seattle/Tacoma/Bellevue",
        "parent": "w-wa",
        "country": "US",
        "stateOrProvince": "WA",
        "priority": 72,
        "crossBorder": false,
        "crossBorderPairTag": null,
        "seedLat": 47.4502,
        "seedLon": -122.3088,
        "seedRadiusKm": 68,
        "areaHintSqKm": 14527,
        "generation": {
          "source": "fallback-circle",
          "minutes": 35,
          "profile": "driving-car",
          "generatedAt": "2026-05-10T22:00:32.591Z"
        }
      },
      "geometry": {
        "type": "Polygon",
        "coordinates": [
          [
            [
              -122.3088,
              48.06173869202475
            ],
            [
              -122.07207463642916,
              48.04065937857074
            ],
            [
              -121.85202544064606,
              47.978907602842604
            ],
            [
              -121.66404038818025,
              47.88082659906183
            ],
            [
              -121.52106319166963,
              47.753282907053816
            ],
            [
              -121.43267830120392,
              47.605147954914784
            ],
            [
              -121.4045064400326,
              47.44664478223251
            ],
            [
              -121.43793515686326,
              47.288617805359394
            ],
            [
              -121.5301689730801,
              47.14178392710318
            ],
            [
              -121.67455584910608,
              47.0160177308701
            ],
            [
              -121.86113297204338,
              46.91971444901454
            ],
            [
              -122.07733324207544,
              46.85926419946981
            ],
            [
              -122.3088,
              46.83866130797527
            ],
            [
              -122.5402667579246,
              46.85926419946981
            ],
            [
              -122.75646702795663,
              46.91971444901454
            ],
            [
              -122.94304415089395,
              47.0160177308701
            ],
            [
              -123.08743102691993,
              47.14178392710318
            ],
            [
              -123.17966484313678,
              47.288617805359394
            ],
            [
              -123.21309355996742,
              47.44664478223251
            ],
            [
              -123.18492169879609,
              47.605147954914784
            ],
            [
              -123.09653680833041,
              47.753282907053816
            ],
            [
              -122.95355961181978,
              47.88082659906183
            ],
            [
              -122.76557455935398,
              47.978907602842604
            ],
            [
              -122.54552536357085,
              48.04065937857074
            ],
            [
              -122.3088,
              48.06173869202475
            ]
          ]
        ]
      }
    },
    {
      "type": "Feature",
      "properties": {
        "tag": "oly",
        "label": "Olympia/Lacey/Tumwater",
        "parent": "w-wa",
        "country": "US",
        "stateOrProvince": "WA",
        "priority": 55,
        "crossBorder": false,
        "crossBorderPairTag": null,
        "seedLat": 46.9694,
        "seedLon": -122.9022,
        "seedRadiusKm": 34,
        "areaHintSqKm": 3632,
        "generation": {
          "source": "fallback-circle",
          "minutes": 35,
          "profile": "driving-car",
          "generatedAt": "2026-05-10T22:00:32.596Z"
        }
      },
      "geometry": {
        "type": "Polygon",
        "coordinates": [
          [
            [
              -122.90219999999998,
              47.27516934601236
            ],
            [
              -122.78558172792903,
              47.26469154089512
            ],
            [
              -122.67704095223459,
              47.23398411591651
            ],
            [
              -122.58406911701195,
              47.18517228638927
            ],
            [
              -122.5130354583519,
              47.12162674732719
            ],
            [
              -122.46874431743122,
              47.04772191969545
            ],
            [
              -122.45411821819985,
              46.968526003262056
            ],
            [
              -122.4700250748435,
              46.88944717339238
            ],
            [
              -122.51525383335942,
              46.815862237176496
            ],
            [
              -122.58663073592344,
              46.752753689686266
            ],
            [
              -122.67925943133456,
              46.704378865324124
            ],
            [
              -122.78686258943372,
              46.673991358947895
            ],
            [
              -122.90219999999998,
              46.66363065398763
            ],
            [
              -123.01753741056625,
              46.673991358947895
            ],
            [
              -123.1251405686654,
              46.704378865324124
            ],
            [
              -123.21776926407654,
              46.752753689686266
            ],
            [
              -123.28914616664056,
              46.815862237176496
            ],
            [
              -123.33437492515647,
              46.88944717339238
            ],
            [
              -123.35028178180012,
              46.968526003262056
            ],
            [
              -123.33565568256874,
              47.04772191969545
            ],
            [
              -123.29136454164808,
              47.12162674732719
            ],
            [
              -123.22033088298801,
              47.18517228638927
            ],
            [
              -123.12735904776538,
              47.23398411591651
            ],
            [
              -123.01881827207094,
              47.26469154089512
            ],
            [
              -122.90219999999998,
              47.27516934601236
            ]
          ]
        ]
      }
    },
    {
      "type": "Feature",
      "properties": {
        "tag": "kit",
        "label": "Kitsap/Bremerton/Silverdale",
        "parent": "w-wa",
        "country": "US",
        "stateOrProvince": "WA",
        "priority": 55,
        "crossBorder": false,
        "crossBorderPairTag": null,
        "seedLat": 47.4902,
        "seedLon": -122.7643,
        "seedRadiusKm": 30,
        "areaHintSqKm": 2827,
        "generation": {
          "source": "fallback-circle",
          "minutes": 35,
          "profile": "driving-car",
          "generatedAt": "2026-05-10T22:00:32.596Z"
        }
      },
      "geometry": {
        "type": "Polygon",
        "coordinates": [
          [
            [
              -122.7643,
              47.759996481775616
            ],
            [
              -122.66044409506513,
              47.750756672363885
            ],
            [
              -122.56376982222248,
              47.723676371409084
            ],
            [
              -122.48094101817877,
              47.680626816902304
            ],
            [
              -122.41762912111868,
              47.62457679783571
            ],
            [
              -122.37811970899604,
              47.55938081508373
            ],
            [
              -122.36502872702336,
              47.48950702961315
            ],
            [
              -122.37914522267168,
              47.41972608027265
            ],
            [
              -122.41940538727277,
              47.35478373369079
            ],
            [
              -122.48299211209545,
              47.29908019551955
            ],
            [
              -122.5655461549448,
              47.25637713050377
            ],
            [
              -122.66146967530896,
              47.229550482910376
            ],
            [
              -122.7643,
              47.22040351822437
            ],
            [
              -122.86713032469103,
              47.229550482910376
            ],
            [
              -122.9630538450552,
              47.25637713050377
            ],
            [
              -123.04560788790458,
              47.29908019551955
            ],
            [
              -123.10919461272725,
              47.35478373369079
            ],
            [
              -123.14945477732833,
              47.41972608027265
            ],
            [
              -123.16357127297665,
              47.48950702961315
            ],
            [
              -123.15048029100399,
              47.55938081508373
            ],
            [
              -123.11097087888132,
              47.62457679783571
            ],
            [
              -123.04765898182124,
              47.680626816902304
            ],
            [
              -122.96483017777751,
              47.723676371409084
            ],
            [
              -122.86815590493488,
              47.750756672363885
            ],
            [
              -122.7643,
              47.759996481775616
            ]
          ]
        ]
      }
    },
    {
      "type": "Feature",
      "properties": {
        "tag": "grh",
        "label": "Grays Harbor/WA Coast",
        "parent": "w-wa",
        "country": "US",
        "stateOrProvince": "WA",
        "priority": 50,
        "crossBorder": false,
        "crossBorderPairTag": null,
        "seedLat": 46.9712,
        "seedLon": -123.8139,
        "seedRadiusKm": 44,
        "areaHintSqKm": 6082,
        "generation": {
          "source": "fallback-circle",
          "minutes": 35,
          "profile": "driving-car",
          "generatedAt": "2026-05-10T22:00:32.596Z"
        }
      },
      "geometry": {
        "type": "Polygon",
        "coordinates": [
          [
            [
              -123.81389999999998,
              47.36690150660424
            ],
            [
              -123.6627293733778,
              47.3533193348473
            ],
            [
              -123.52207987081245,
              47.31351855253308
            ],
            [
              -123.40169536270098,
              47.2502663394491
            ],
            [
              -123.30983525579619,
              47.16794763420123
            ],
            [
              -123.25269745550943,
              47.072245958245674
            ],
            [
              -123.23401420685387,
              46.96973620050676
            ],
            [
              -123.25484254712879,
              46.867422535649695
            ],
            [
              -123.31355077033572,
              46.772256609364625
            ],
            [
              -123.4059858379233,
              46.69066978479551
            ],
            [
              -123.5257956773615,
              46.62814949052138
            ],
            [
              -123.66487475700667,
              46.58888453413979
            ],
            [
              -123.81389999999998,
              46.57549849339576
            ],
            [
              -123.9629252429933,
              46.58888453413979
            ],
            [
              -124.10200432263848,
              46.62814949052138
            ],
            [
              -124.22181416207668,
              46.69066978479551
            ],
            [
              -124.31424922966426,
              46.772256609364625
            ],
            [
              -124.37295745287119,
              46.867422535649695
            ],
            [
              -124.39378579314611,
              46.96973620050676
            ],
            [
              -124.37510254449052,
              47.072245958245674
            ],
            [
              -124.31796474420379,
              47.16794763420123
            ],
            [
              -124.22610463729897,
              47.2502663394491
            ],
            [
              -124.10572012918753,
              47.31351855253308
            ],
            [
              -123.96507062662216,
              47.3533193348473
            ],
            [
              -123.81389999999998,
              47.36690150660424
            ]
          ]
        ]
      }
    },
    {
      "type": "Feature",
      "properties": {
        "tag": "bvs",
        "label": "Skagit Valley",
        "parent": "w-wa",
        "country": "US",
        "stateOrProvince": "WA",
        "priority": 58,
        "crossBorder": false,
        "crossBorderPairTag": null,
        "seedLat": 48.4699,
        "seedLon": -122.4201,
        "seedRadiusKm": 24,
        "areaHintSqKm": 1810,
        "generation": {
          "source": "fallback-circle",
          "minutes": 35,
          "profile": "driving-car",
          "generatedAt": "2026-05-10T22:00:32.596Z"
        }
      },
      "geometry": {
        "type": "Polygon",
        "coordinates": [
          [
            [
              -122.4201,
              48.68573718542051
            ],
            [
              -122.33549619647196,
              48.67835180300743
            ],
            [
              -122.2567280325348,
              48.65670519516671
            ],
            [
              -122.1892144156687,
              48.62228955408487
            ],
            [
              -122.13757445652959,
              48.577473403106225
            ],
            [
              -122.10530793413396,
              48.52533390933157
            ],
            [
              -122.09456226794461,
              48.469440982442656
            ],
            [
              -122.10600024478474,
              48.413609550337476
            ],
            [
              -122.13877358480583,
              48.36163806483321
            ],
            [
              -122.19059906717206,
              48.31705142072495
            ],
            [
              -122.25792719101365,
              48.282865290329916
            ],
            [
              -122.33618853732538,
              48.26138669839242
            ],
            [
              -122.4201,
              48.25406281457951
            ],
            [
              -122.50401146267461,
              48.26138669839242
            ],
            [
              -122.58227280898636,
              48.282865290329916
            ],
            [
              -122.64960093282795,
              48.31705142072495
            ],
            [
              -122.70142641519419,
              48.36163806483321
            ],
            [
              -122.73419975521527,
              48.413609550337476
            ],
            [
              -122.74563773205539,
              48.469440982442656
            ],
            [
              -122.73489206586606,
              48.52533390933157
            ],
            [
              -122.70262554347043,
              48.577473403106225
            ],
            [
              -122.65098558433131,
              48.62228955408487
            ],
            [
              -122.58347196746521,
              48.65670519516671
            ],
            [
              -122.50470380352805,
              48.67835180300743
            ],
            [
              -122.4201,
              48.68573718542051
            ]
          ]
        ]
      }
    },
    {
      "type": "Feature",
      "properties": {
        "tag": "bli",
        "label": "Bellingham/Whatcom",
        "parent": "w-wa",
        "country": "US",
        "stateOrProvince": "WA",
        "priority": 60,
        "crossBorder": false,
        "crossBorderPairTag": null,
        "seedLat": 48.7928,
        "seedLon": -122.5375,
        "seedRadiusKm": 32,
        "areaHintSqKm": 3217,
        "generation": {
          "source": "fallback-circle",
          "minutes": 35,
          "profile": "driving-car",
          "generatedAt": "2026-05-10T22:00:32.597Z"
        }
      },
      "geometry": {
        "type": "Polygon",
        "coordinates": [
          [
            [
              -122.5375,
              49.08058291389399
            ],
            [
              -122.42380687289393,
              49.07072127302321
            ],
            [
              -122.31798901879165,
              49.041819679777596
            ],
            [
              -122.22735023951147,
              48.99587845964531
            ],
            [
              -122.1581000660619,
              48.93607020420328
            ],
            [
              -122.11492213364872,
              48.86651219612209
            ],
            [
              -122.10066523306463,
              48.79197464752
            ],
            [
              -122.11617494478799,
              48.7175476689883
            ],
            [
              -122.16027003475695,
              48.648291748491815
            ],
            [
              -122.22985596055528,
              48.58889616309424
            ],
            [
              -122.32015908625702,
              48.54336762539663
            ],
            [
              -122.42505978280357,
              48.514768144516175
            ],
            [
              -122.5375,
              48.505017086106
            ],
            [
              -122.64994021719643,
              48.514768144516175
            ],
            [
              -122.75484091374298,
              48.54336762539663
            ],
            [
              -122.8451440394447,
              48.58889616309424
            ],
            [
              -122.91472996524304,
              48.648291748491815
            ],
            [
              -122.95882505521202,
              48.7175476689883
            ],
            [
              -122.97433476693536,
              48.79197464752
            ],
            [
              -122.96007786635128,
              48.86651219612209
            ],
            [
              -122.9168999339381,
              48.93607020420328
            ],
            [
              -122.84764976048852,
              48.99587845964531
            ],
            [
              -122.75701098120835,
              49.041819679777596
            ],
            [
              -122.65119312710607,
              49.07072127302321
            ],
            [
              -122.5375,
              49.08058291389399
            ]
          ]
        ]
      }
    },
    {
      "type": "Feature",
      "properties": {
        "tag": "cls",
        "label": "Centralia/Chehalis",
        "parent": "sw-wa",
        "country": "US",
        "stateOrProvince": "WA",
        "priority": 52,
        "crossBorder": false,
        "crossBorderPairTag": null,
        "seedLat": 46.676,
        "seedLon": -122.983,
        "seedRadiusKm": 24,
        "areaHintSqKm": 1810,
        "generation": {
          "source": "fallback-circle",
          "minutes": 35,
          "profile": "driving-car",
          "generatedAt": "2026-05-10T22:00:32.597Z"
        }
      },
      "geometry": {
        "type": "Polygon",
        "coordinates": [
          [
            [
              -122.98300000000002,
              46.8918371854205
            ],
            [
              -122.90126633430843,
              46.88445369205459
            ],
            [
              -122.82516619800438,
              46.8628122393279
            ],
            [
              -122.75993194371213,
              46.828403623811084
            ],
            [
              -122.71002567884496,
              46.78359447146365
            ],
            [
              -122.6788308618584,
              46.73146006644911
            ],
            [
              -122.66842667546446,
              46.67556895770137
            ],
            [
              -122.6794590828249,
              46.61973559602365
            ],
            [
              -122.71111379865692,
              46.567758960144715
            ],
            [
              -122.76118841072467,
              46.52316532729862
            ],
            [
              -122.8262543428965,
              46.48897223457897
            ],
            [
              -122.90189458035509,
              46.46748855757956
            ],
            [
              -122.98300000000002,
              46.46016281457951
            ],
            [
              -123.06410541964493,
              46.46748855757956
            ],
            [
              -123.13974565710352,
              46.48897223457897
            ],
            [
              -123.20481158927538,
              46.52316532729862
            ],
            [
              -123.25488620134311,
              46.567758960144715
            ],
            [
              -123.28654091717512,
              46.61973559602365
            ],
            [
              -123.29757332453556,
              46.67556895770137
            ],
            [
              -123.28716913814164,
              46.73146006644911
            ],
            [
              -123.2559743211551,
              46.78359447146365
            ],
            [
              -123.2060680562879,
              46.828403623811084
            ],
            [
              -123.14083380199564,
              46.8628122393279
            ],
            [
              -123.06473366569162,
              46.88445369205459
            ],
            [
              -122.98300000000002,
              46.8918371854205
            ]
          ]
        ]
      }
    },
    {
      "type": "Feature",
      "properties": {
        "tag": "kls",
        "label": "Kelso/Longview",
        "parent": "sw-wa",
        "country": "US",
        "stateOrProvince": "WA",
        "priority": 52,
        "crossBorder": false,
        "crossBorderPairTag": null,
        "seedLat": 46.118,
        "seedLon": -122.898,
        "seedRadiusKm": 24,
        "areaHintSqKm": 1810,
        "generation": {
          "source": "fallback-circle",
          "minutes": 35,
          "profile": "driving-car",
          "generatedAt": "2026-05-10T22:00:32.597Z"
        }
      },
      "geometry": {
        "type": "Polygon",
        "coordinates": [
          [
            [
              -122.898,
              46.333837185420506
            ],
            [
              -122.81710393266508,
              46.326454253982234
            ],
            [
              -122.74178244439786,
              46.30481433479892
            ],
            [
              -122.67721346579461,
              46.27040780944746
            ],
            [
              -122.6278132873528,
              46.225600739579896
            ],
            [
              -122.59693140225316,
              46.17346784917385
            ],
            [
              -122.58662704390726,
              46.11757728211738
            ],
            [
              -122.59754122304803,
              46.061743346942784
            ],
            [
              -122.62886953662785,
              46.00976517886887
            ],
            [
              -122.67843313108472,
              45.96516946636679
            ],
            [
              -122.74283871737389,
              45.930974301532366
            ],
            [
              -122.81771377716093,
              45.90948911098433
            ],
            [
              -122.898,
              45.90216281457951
            ],
            [
              -122.97828622283906,
              45.90948911098433
            ],
            [
              -123.0531612826261,
              45.930974301532366
            ],
            [
              -123.11756686891528,
              45.96516946636679
            ],
            [
              -123.16713046337213,
              46.00976517886887
            ],
            [
              -123.19845877695195,
              46.061743346942784
            ],
            [
              -123.20937295609274,
              46.11757728211738
            ],
            [
              -123.19906859774683,
              46.17346784917385
            ],
            [
              -123.1681867126472,
              46.225600739579896
            ],
            [
              -123.11878653420538,
              46.27040780944746
            ],
            [
              -123.05421755560214,
              46.30481433479892
            ],
            [
              -122.9788960673349,
              46.326454253982234
            ],
            [
              -122.898,
              46.333837185420506
            ]
          ]
        ]
      }
    },
    {
      "type": "Feature",
      "properties": {
        "tag": "ykm",
        "label": "Yakima",
        "parent": "c-wa",
        "country": "US",
        "stateOrProvince": "WA",
        "priority": 53,
        "crossBorder": false,
        "crossBorderPairTag": null,
        "seedLat": 46.5682,
        "seedLon": -120.5449,
        "seedRadiusKm": 30,
        "areaHintSqKm": 2827,
        "generation": {
          "source": "fallback-circle",
          "minutes": 35,
          "profile": "driving-car",
          "generatedAt": "2026-05-10T22:00:32.597Z"
        }
      },
      "geometry": {
        "type": "Polygon",
        "coordinates": [
          [
            [
              -120.5449,
              46.837996481775605
            ],
            [
              -120.44283894723152,
              46.82875816079259
            ],
            [
              -120.34783215138773,
              46.801681920629754
            ],
            [
              -120.26642614456577,
              46.75863789735382
            ],
            [
              -120.20419412196263,
              46.70259338348979
            ],
            [
              -120.16534950374732,
              46.637401397434296
            ],
            [
              -120.15246666118657,
              46.56752903196727
            ],
            [
              -120.16632545166767,
              46.49774655518317
            ],
            [
              -120.20588453551231,
              46.43280015249593
            ],
            [
              -120.26837810096687,
              46.37709111865957
            ],
            [
              -120.34952262550031,
              46.334382583388255
            ],
            [
              -120.4438149557147,
              46.30755194254755
            ],
            [
              -120.5449,
              46.29840351822437
            ],
            [
              -120.6459850442853,
              46.30755194254755
            ],
            [
              -120.74027737449967,
              46.334382583388255
            ],
            [
              -120.82142189903313,
              46.37709111865957
            ],
            [
              -120.88391546448767,
              46.43280015249593
            ],
            [
              -120.92347454833231,
              46.49774655518317
            ],
            [
              -120.93733333881343,
              46.56752903196727
            ],
            [
              -120.92445049625266,
              46.637401397434296
            ],
            [
              -120.88560587803738,
              46.70259338348979
            ],
            [
              -120.82337385543423,
              46.75863789735382
            ],
            [
              -120.74196784861226,
              46.801681920629754
            ],
            [
              -120.64696105276849,
              46.82875816079259
            ],
            [
              -120.5449,
              46.837996481775605
            ]
          ]
        ]
      }
    },
    {
      "type": "Feature",
      "properties": {
        "tag": "eat",
        "label": "Wenatchee",
        "parent": "c-wa",
        "country": "US",
        "stateOrProvince": "WA",
        "priority": 52,
        "crossBorder": false,
        "crossBorderPairTag": null,
        "seedLat": 47.398,
        "seedLon": -120.207,
        "seedRadiusKm": 26,
        "areaHintSqKm": 2124,
        "generation": {
          "source": "fallback-circle",
          "minutes": 35,
          "profile": "driving-car",
          "generatedAt": "2026-05-10T22:00:32.597Z"
        }
      },
      "geometry": {
        "type": "Polygon",
        "coordinates": [
          [
            [
              -120.207,
              47.63182361753886
            ],
            [
              -120.11721026197213,
              47.62382132442678
            ],
            [
              -120.03361713111737,
              47.60036684509293
            ],
            [
              -119.96197381125852,
              47.56307780710478
            ],
            [
              -119.9071827680807,
              47.51452158315442
            ],
            [
              -119.87295638941778,
              47.45803322557623
            ],
            [
              -119.8615700873614,
              47.39748117970234
            ],
            [
              -119.87372284110482,
              47.336998640161845
            ],
            [
              -119.90851031495944,
              47.280700179179604
            ],
            [
              -119.96350675183086,
              47.232403362971425
            ],
            [
              -120.03494471519558,
              47.19537373753854
            ],
            [
              -120.11797675085862,
              47.172109164426736
            ],
            [
              -120.207,
              47.16417638246113
            ],
            [
              -120.29602324914137,
              47.172109164426736
            ],
            [
              -120.37905528480442,
              47.19537373753854
            ],
            [
              -120.45049324816914,
              47.232403362971425
            ],
            [
              -120.50548968504056,
              47.280700179179604
            ],
            [
              -120.54027715889518,
              47.336998640161845
            ],
            [
              -120.5524299126386,
              47.39748117970234
            ],
            [
              -120.54104361058222,
              47.45803322557623
            ],
            [
              -120.5068172319193,
              47.51452158315442
            ],
            [
              -120.45202618874148,
              47.56307780710478
            ],
            [
              -120.38038286888263,
              47.60036684509293
            ],
            [
              -120.29678973802787,
              47.62382132442678
            ],
            [
              -120.207,
              47.63182361753886
            ]
          ]
        ]
      }
    },
    {
      "type": "Feature",
      "properties": {
        "tag": "eln",
        "label": "Ellensburg",
        "parent": "c-wa",
        "country": "US",
        "stateOrProvince": "WA",
        "priority": 51,
        "crossBorder": false,
        "crossBorderPairTag": null,
        "seedLat": 46.997,
        "seedLon": -120.531,
        "seedRadiusKm": 22,
        "areaHintSqKm": 1521,
        "generation": {
          "source": "fallback-circle",
          "minutes": 35,
          "profile": "driving-car",
          "generatedAt": "2026-05-10T22:00:32.597Z"
        }
      },
      "geometry": {
        "type": "Polygon",
        "coordinates": [
          [
            [
              -120.531,
              47.19485075330212
            ],
            [
              -120.45564991580606,
              47.188084502110954
            ],
            [
              -120.38548906184903,
              47.16825182664866
            ],
            [
              -120.32533830467833,
              47.136717845795296
            ],
            [
              -120.2793109458779,
              47.095650004897934
            ],
            [
              -120.25052870300485,
              47.047865371217064
            ],
            [
              -120.24091317201703,
              46.99663371476583
            ],
            [
              -120.25106574355824,
              46.945451130036865
            ],
            [
              -120.28024113409963,
              46.897800563668525
            ],
            [
              -120.32641240408336,
              46.85691586419413
            ],
            [
              -120.38641926836944,
              46.8255650271519
            ],
            [
              -120.45618697465812,
              46.805866423778554
            ],
            [
              -120.531,
              46.799149246697866
            ],
            [
              -120.60581302534186,
              46.805866423778554
            ],
            [
              -120.67558073163056,
              46.8255650271519
            ],
            [
              -120.73558759591664,
              46.85691586419413
            ],
            [
              -120.78175886590036,
              46.897800563668525
            ],
            [
              -120.81093425644177,
              46.945451130036865
            ],
            [
              -120.82108682798295,
              46.99663371476583
            ],
            [
              -120.81147129699514,
              47.047865371217064
            ],
            [
              -120.78268905412209,
              47.095650004897934
            ],
            [
              -120.73666169532166,
              47.136717845795296
            ],
            [
              -120.67651093815095,
              47.16825182664866
            ],
            [
              -120.60635008419392,
              47.188084502110954
            ],
            [
              -120.531,
              47.19485075330212
            ]
          ]
        ]
      }
    },
    {
      "type": "Feature",
      "properties": {
        "tag": "mwh",
        "label": "Moses Lake",
        "parent": "c-wa",
        "country": "US",
        "stateOrProvince": "WA",
        "priority": 52,
        "crossBorder": false,
        "crossBorderPairTag": null,
        "seedLat": 47.2077,
        "seedLon": -119.3191,
        "seedRadiusKm": 30,
        "areaHintSqKm": 2827,
        "generation": {
          "source": "fallback-circle",
          "minutes": 35,
          "profile": "driving-car",
          "generatedAt": "2026-05-10T22:00:32.597Z"
        }
      },
      "geometry": {
        "type": "Polygon",
        "coordinates": [
          [
            [
              -119.3191,
              47.47749648177563
            ],
            [
              -119.2158035570549,
              47.468257133955476
            ],
            [
              -119.11964903575983,
              47.44117809231399
            ],
            [
              -119.0372637039548,
              47.39813025307086
            ],
            [
              -118.97428837681198,
              47.342081941106294
            ],
            [
              -118.9349861447875,
              47.27688719756979
            ],
            [
              -118.92196000230831,
              47.207013852236216
            ],
            [
              -118.93599614173334,
              47.1372324290723
            ],
            [
              -118.97603776650193,
              47.07228882464805
            ],
            [
              -119.03928376250012,
              47.01658358236508
            ],
            [
              -119.12139849010617,
              46.97387882120368
            ],
            [
              -119.21681361865707,
              46.947050935474735
            ],
            [
              -119.3191,
              46.93790351822439
            ],
            [
              -119.42138638134294,
              46.947050935474735
            ],
            [
              -119.51680150989385,
              46.97387882120368
            ],
            [
              -119.5989162374999,
              47.01658358236508
            ],
            [
              -119.6621622334981,
              47.07228882464805
            ],
            [
              -119.7022038582667,
              47.1372324290723
            ],
            [
              -119.7162399976917,
              47.207013852236216
            ],
            [
              -119.70321385521251,
              47.27688719756979
            ],
            [
              -119.66391162318804,
              47.342081941106294
            ],
            [
              -119.60093629604522,
              47.39813025307086
            ],
            [
              -119.5185509642402,
              47.44117809231399
            ],
            [
              -119.42239644294511,
              47.468257133955476
            ],
            [
              -119.3191,
              47.47749648177563
            ]
          ]
        ]
      }
    },
    {
      "type": "Feature",
      "properties": {
        "tag": "geg",
        "label": "Spokane",
        "parent": "e-wa",
        "country": "US",
        "stateOrProvince": "WA",
        "priority": 66,
        "crossBorder": false,
        "crossBorderPairTag": null,
        "seedLat": 47.6199,
        "seedLon": -117.5338,
        "seedRadiusKm": 44,
        "areaHintSqKm": 6082,
        "generation": {
          "source": "fallback-circle",
          "minutes": 35,
          "profile": "driving-car",
          "generatedAt": "2026-05-10T22:00:32.597Z"
        }
      },
      "geometry": {
        "type": "Polygon",
        "coordinates": [
          [
            [
              -117.5338,
              48.01560150660424
            ],
            [
              -117.38073810563232,
              48.002017048755825
            ],
            [
              -117.23833409770285,
              47.96221003368207
            ],
            [
              -117.11645709863662,
              47.89894934279769
            ],
            [
              -117.02347016613152,
              47.81662221898526
            ],
            [
              -116.96564570716784,
              47.72091445598152
            ],
            [
              -116.94675693521012,
              47.61840256731852
            ],
            [
              -116.96786716841503,
              47.51609127649692
            ],
            [
              -117.02731796413431,
              47.42093157169827
            ],
            [
              -117.12090033329964,
              47.33935314412513
            ],
            [
              -117.24218220790293,
              47.276841189677874
            ],
            [
              -117.3829598790768,
              47.237582313204925
            ],
            [
              -117.5338,
              47.22419849339576
            ],
            [
              -117.68464012092322,
              47.237582313204925
            ],
            [
              -117.82541779209708,
              47.276841189677874
            ],
            [
              -117.94669966670035,
              47.33935314412513
            ],
            [
              -118.04028203586569,
              47.42093157169827
            ],
            [
              -118.09973283158499,
              47.51609127649692
            ],
            [
              -118.1208430647899,
              47.61840256731852
            ],
            [
              -118.10195429283216,
              47.72091445598152
            ],
            [
              -118.0441298338685,
              47.81662221898526
            ],
            [
              -117.9511429013634,
              47.89894934279769
            ],
            [
              -117.82926590229718,
              47.96221003368207
            ],
            [
              -117.6868618943677,
              48.002017048755825
            ],
            [
              -117.5338,
              48.01560150660424
            ]
          ]
        ]
      }
    },
    {
      "type": "Feature",
      "properties": {
        "tag": "alw",
        "label": "Walla Walla",
        "parent": "e-wa",
        "country": "US",
        "stateOrProvince": "WA",
        "priority": 50,
        "crossBorder": false,
        "crossBorderPairTag": null,
        "seedLat": 46.0949,
        "seedLon": -118.288,
        "seedRadiusKm": 24,
        "areaHintSqKm": 1810,
        "generation": {
          "source": "fallback-circle",
          "minutes": 35,
          "profile": "driving-car",
          "generatedAt": "2026-05-10T22:00:32.597Z"
        }
      },
      "geometry": {
        "type": "Polygon",
        "coordinates": [
          [
            [
              -118.288,
              46.31073718542049
            ],
            [
              -118.20713807282675,
              46.30335427699707
            ],
            [
              -118.13184832222741,
              46.281714420623736
            ],
            [
              -118.06730646077109,
              46.247307980882006
            ],
            [
              -118.01792691149217,
              46.2025009963126
            ],
            [
              -117.98705778298213,
              46.15036816794886
            ],
            [
              -117.97675749519613,
              46.09447762308679
            ],
            [
              -117.9876668566109,
              46.03864366442826
            ],
            [
              -118.01898186661737,
              45.98666543359899
            ],
            [
              -118.06852463167387,
              45.942069635913256
            ],
            [
              -118.13290330099845,
              45.907874386200966
            ],
            [
              -118.20774717010136,
              45.886389133653616
            ],
            [
              -118.288,
              45.879062814579505
            ],
            [
              -118.36825282989865,
              45.886389133653616
            ],
            [
              -118.44309669900157,
              45.907874386200966
            ],
            [
              -118.50747536832614,
              45.942069635913256
            ],
            [
              -118.55701813338264,
              45.98666543359899
            ],
            [
              -118.5883331433891,
              46.03864366442826
            ],
            [
              -118.59924250480388,
              46.09447762308679
            ],
            [
              -118.58894221701786,
              46.15036816794886
            ],
            [
              -118.55807308850783,
              46.2025009963126
            ],
            [
              -118.5086935392289,
              46.247307980882006
            ],
            [
              -118.44415167777258,
              46.281714420623736
            ],
            [
              -118.36886192717324,
              46.30335427699707
            ],
            [
              -118.288,
              46.31073718542049
            ]
          ]
        ]
      }
    },
    {
      "type": "Feature",
      "properties": {
        "tag": "puw",
        "label": "Pullman",
        "parent": "e-wa",
        "country": "US",
        "stateOrProvince": "WA",
        "priority": 50,
        "crossBorder": false,
        "crossBorderPairTag": null,
        "seedLat": 46.7439,
        "seedLon": -117.1096,
        "seedRadiusKm": 22,
        "areaHintSqKm": 1521,
        "generation": {
          "source": "fallback-circle",
          "minutes": 35,
          "profile": "driving-car",
          "generatedAt": "2026-05-10T22:00:32.597Z"
        }
      },
      "geometry": {
        "type": "Polygon",
        "coordinates": [
          [
            [
              -117.1096,
              46.94175075330211
            ],
            [
              -117.03460678044705,
              46.93498471994268
            ],
            [
              -116.96477773692557,
              46.91515263900432
            ],
            [
              -116.90491058964115,
              46.88361946859078
            ],
            [
              -116.85909912364959,
              46.842552435357256
            ],
            [
              -116.83045054888983,
              46.794768389360044
            ],
            [
              -116.82087789266268,
              46.743536943427934
            ],
            [
              -116.83098035142505,
              46.692354136683576
            ],
            [
              -116.86001677508501,
              46.6447029762749
            ],
            [
              -116.90597021254244,
              46.60381747015744
            ],
            [
              -116.96569540619228,
              46.572465829199814
            ],
            [
              -117.03513660081349,
              46.55276663852971
            ],
            [
              -117.1096,
              46.54604924669787
            ],
            [
              -117.18406339918647,
              46.55276663852971
            ],
            [
              -117.2535045938077,
              46.572465829199814
            ],
            [
              -117.31322978745752,
              46.60381747015744
            ],
            [
              -117.35918322491496,
              46.6447029762749
            ],
            [
              -117.38821964857492,
              46.692354136683576
            ],
            [
              -117.3983221073373,
              46.743536943427934
            ],
            [
              -117.38874945111014,
              46.794768389360044
            ],
            [
              -117.36010087635039,
              46.842552435357256
            ],
            [
              -117.31428941035882,
              46.88361946859078
            ],
            [
              -117.2544222630744,
              46.91515263900432
            ],
            [
              -117.18459321955292,
              46.93498471994268
            ],
            [
              -117.1096,
              46.94175075330211
            ]
          ]
        ]
      }
    },
    {
      "type": "Feature",
      "properties": {
        "tag": "pdx",
        "label": "Portland Metro",
        "parent": "or",
        "country": "US",
        "stateOrProvince": "OR",
        "priority": 68,
        "crossBorder": true,
        "crossBorderPairTag": null,
        "seedLat": 45.5898,
        "seedLon": -122.5951,
        "seedRadiusKm": 46,
        "areaHintSqKm": 6648,
        "generation": {
          "source": "fallback-circle",
          "minutes": 35,
          "profile": "driving-car",
          "generatedAt": "2026-05-10T22:00:32.597Z"
        }
      },
      "geometry": {
        "type": "Polygon",
        "coordinates": [
          [
            [
              -122.59509999999999,
              46.00348793872262
            ],
            [
              -122.44099720777118,
              45.98928877207575
            ],
            [
              -122.29761883552787,
              45.947679897711346
            ],
            [
              -122.17489721757957,
              45.88155401291785
            ],
            [
              -122.0812518616741,
              45.79549500306983
            ],
            [
              -122.02300129868983,
              45.695444348921654
            ],
            [
              -122.00395102774968,
              45.58827550097786
            ],
            [
              -122.0251797126789,
              45.48131087678577
            ],
            [
              -122.08502509639766,
              45.38181818722745
            ],
            [
              -122.17925434887096,
              45.29652140649728
            ],
            [
              -122.30139237359211,
              45.23115779160302
            ],
            [
              -122.44317592510092,
              45.19010696339119
            ],
            [
              -122.59509999999999,
              45.17611206127739
            ],
            [
              -122.74702407489907,
              45.19010696339119
            ],
            [
              -122.88880762640788,
              45.23115779160302
            ],
            [
              -123.01094565112902,
              45.29652140649728
            ],
            [
              -123.10517490360233,
              45.38181818722745
            ],
            [
              -123.16502028732108,
              45.48131087678577
            ],
            [
              -123.18624897225033,
              45.58827550097786
            ],
            [
              -123.16719870131016,
              45.695444348921654
            ],
            [
              -123.10894813832587,
              45.79549500306983
            ],
            [
              -123.01530278242042,
              45.88155401291785
            ],
            [
              -122.89258116447213,
              45.947679897711346
            ],
            [
              -122.74920279222881,
              45.98928877207575
            ],
            [
              -122.59509999999999,
              46.00348793872262
            ]
          ]
        ]
      }
    },
    {
      "type": "Feature",
      "properties": {
        "tag": "sle",
        "label": "Salem/Keizer",
        "parent": "wv",
        "country": "US",
        "stateOrProvince": "OR",
        "priority": 54,
        "crossBorder": false,
        "crossBorderPairTag": null,
        "seedLat": 44.9095,
        "seedLon": -123.0025,
        "seedRadiusKm": 26,
        "areaHintSqKm": 2124,
        "generation": {
          "source": "fallback-circle",
          "minutes": 35,
          "profile": "driving-car",
          "generatedAt": "2026-05-10T22:00:32.597Z"
        }
      },
      "geometry": {
        "type": "Polygon",
        "coordinates": [
          [
            [
              -123.0025,
              45.143323617538876
            ],
            [
              -122.91671196368928,
              45.13532424305773
            ],
            [
              -122.836838170356,
              45.11187772823149
            ],
            [
              -122.7683713451007,
              45.074599543738174
            ],
            [
              -122.71599501293521,
              45.026054130357124
            ],
            [
              -122.68325971680196,
              44.96957363154481
            ],
            [
              -122.67234636622106,
              44.90902439132831
            ],
            [
              -122.68393126024846,
              44.84853886861913
            ],
            [
              -122.7171581708949,
              44.79223245071802
            ],
            [
              -122.769714460929,
              44.743924839700284
            ],
            [
              -122.83800135725184,
              44.7068844615152
            ],
            [
              -122.9173835360719,
              44.68361203549002
            ],
            [
              -123.0025,
              44.675676382461134
            ],
            [
              -123.08761646392809,
              44.68361203549002
            ],
            [
              -123.16699864274815,
              44.7068844615152
            ],
            [
              -123.23528553907099,
              44.743924839700284
            ],
            [
              -123.28784182910508,
              44.79223245071802
            ],
            [
              -123.32106873975154,
              44.84853886861913
            ],
            [
              -123.33265363377892,
              44.90902439132831
            ],
            [
              -123.32174028319803,
              44.96957363154481
            ],
            [
              -123.28900498706479,
              45.026054130357124
            ],
            [
              -123.23662865489928,
              45.074599543738174
            ],
            [
              -123.16816182964398,
              45.11187772823149
            ],
            [
              -123.0882880363107,
              45.13532424305773
            ],
            [
              -123.0025,
              45.143323617538876
            ]
          ]
        ]
      }
    },
    {
      "type": "Feature",
      "properties": {
        "tag": "cvo",
        "label": "Corvallis/Albany",
        "parent": "wv",
        "country": "US",
        "stateOrProvince": "OR",
        "priority": 54,
        "crossBorder": false,
        "crossBorderPairTag": null,
        "seedLat": 44.4972,
        "seedLon": -123.2906,
        "seedRadiusKm": 27,
        "areaHintSqKm": 2290,
        "generation": {
          "source": "fallback-circle",
          "minutes": 35,
          "profile": "driving-car",
          "generatedAt": "2026-05-10T22:00:32.597Z"
        }
      },
      "geometry": {
        "type": "Polygon",
        "coordinates": [
          [
            [
              -123.2906,
              44.74001683359806
            ],
            [
              -123.20213636620028,
              44.73170899961628
            ],
            [
              -123.11977310607728,
              44.70735853780187
            ],
            [
              -123.04917535097664,
              44.668643639779205
            ],
            [
              -122.99517281126124,
              44.61822817529686
            ],
            [
              -122.96142578331293,
              44.559573234478705
            ],
            [
              -122.95018132892314,
              44.49669443183993
            ],
            [
              -122.96213456214544,
              44.43388336027021
            ],
            [
              -122.9964004640374,
              44.37541346579983
            ],
            [
              -123.050592940954,
              44.32525078317636
            ],
            [
              -123.12100079116681,
              44.28678867145472
            ],
            [
              -123.20284517734613,
              44.26262326487247
            ],
            [
              -123.2906,
              44.25438316640194
            ],
            [
              -123.37835482265386,
              44.26262326487247
            ],
            [
              -123.46019920883319,
              44.28678867145472
            ],
            [
              -123.53060705904599,
              44.32525078317636
            ],
            [
              -123.5847995359626,
              44.37541346579983
            ],
            [
              -123.61906543785456,
              44.43388336027021
            ],
            [
              -123.63101867107686,
              44.49669443183993
            ],
            [
              -123.61977421668706,
              44.559573234478705
            ],
            [
              -123.58602718873875,
              44.61822817529686
            ],
            [
              -123.53202464902336,
              44.668643639779205
            ],
            [
              -123.46142689392272,
              44.70735853780187
            ],
            [
              -123.37906363379972,
              44.73170899961628
            ],
            [
              -123.2906,
              44.74001683359806
            ]
          ]
        ]
      }
    },
    {
      "type": "Feature",
      "properties": {
        "tag": "eug",
        "label": "Eugene/Springfield",
        "parent": "wv",
        "country": "US",
        "stateOrProvince": "OR",
        "priority": 56,
        "crossBorder": false,
        "crossBorderPairTag": null,
        "seedLat": 44.1246,
        "seedLon": -123.2119,
        "seedRadiusKm": 32,
        "areaHintSqKm": 3217,
        "generation": {
          "source": "fallback-circle",
          "minutes": 35,
          "profile": "driving-car",
          "generatedAt": "2026-05-10T22:00:32.597Z"
        }
      },
      "geometry": {
        "type": "Polygon",
        "coordinates": [
          [
            [
              -123.21189999999999,
              44.41238291389399
            ],
            [
              -123.10764598215813,
              44.402529691247246
            ],
            [
              -123.01059574304719,
              44.373651063346244
            ],
            [
              -122.92743512053211,
              44.32774111998494
            ],
            [
              -122.86385689054093,
              44.26796398684358
            ],
            [
              -122.8241661806562,
              44.19842856376807
            ],
            [
              -122.81099496206139,
              44.1238990274784
            ],
            [
              -122.8251426814106,
              44.04946339944218
            ],
            [
              -122.86554826196169,
              43.98018454160259
            ],
            [
              -122.92938818351492,
              43.920757890464564
            ],
            [
              -123.01228717594442,
              43.875198437621044
            ],
            [
              -123.10862254438902,
              43.84657639198485
            ],
            [
              -123.21189999999999,
              43.836817086106
            ],
            [
              -123.31517745561098,
              43.84657639198485
            ],
            [
              -123.41151282405558,
              43.875198437621044
            ],
            [
              -123.49441181648508,
              43.920757890464564
            ],
            [
              -123.55825173803831,
              43.98018454160259
            ],
            [
              -123.59865731858939,
              44.04946339944218
            ],
            [
              -123.61280503793861,
              44.1238990274784
            ],
            [
              -123.59963381934381,
              44.19842856376807
            ],
            [
              -123.55994310945907,
              44.26796398684358
            ],
            [
              -123.49636487946789,
              44.32774111998494
            ],
            [
              -123.41320425695282,
              44.373651063346244
            ],
            [
              -123.31615401784187,
              44.402529691247246
            ],
            [
              -123.21189999999999,
              44.41238291389399
            ]
          ]
        ]
      }
    },
    {
      "type": "Feature",
      "properties": {
        "tag": "mfr",
        "label": "Medford/Ashland",
        "parent": "s-or",
        "country": "US",
        "stateOrProvince": "OR",
        "priority": 53,
        "crossBorder": false,
        "crossBorderPairTag": null,
        "seedLat": 42.3742,
        "seedLon": -122.8735,
        "seedRadiusKm": 30,
        "areaHintSqKm": 2827,
        "generation": {
          "source": "fallback-circle",
          "minutes": 35,
          "profile": "driving-car",
          "generatedAt": "2026-05-10T22:00:32.597Z"
        }
      },
      "geometry": {
        "type": "Polygon",
        "coordinates": [
          [
            [
              -122.87350000000002,
              42.64399648177562
            ],
            [
              -122.77858421064461,
              42.63476434328607
            ],
            [
              -122.69021621949983,
              42.60770497242114
            ],
            [
              -122.61447596939789,
              42.56468393244033
            ],
            [
              -122.55654557878586,
              42.50866230273766
            ],
            [
              -122.52035083147233,
              42.44348694182888
            ],
            [
              -122.5082999030692,
              42.37362049813514
            ],
            [
              -122.52113524560907,
              42.30383169009417
            ],
            [
              -122.55790423861525,
              42.238868435838256
            ],
            [
              -122.6160448378071,
              42.18313655419226
            ],
            [
              -122.69157491946629,
              42.14040526801939
            ],
            [
              -122.7793686649184,
              42.11355801530988
            ],
            [
              -122.87350000000002,
              42.10440351822439
            ],
            [
              -122.96763133508163,
              42.11355801530988
            ],
            [
              -123.05542508053374,
              42.14040526801939
            ],
            [
              -123.13095516219293,
              42.18313655419226
            ],
            [
              -123.18909576138478,
              42.238868435838256
            ],
            [
              -123.22586475439097,
              42.30383169009417
            ],
            [
              -123.23870009693083,
              42.37362049813514
            ],
            [
              -123.2266491685277,
              42.44348694182888
            ],
            [
              -123.19045442121417,
              42.50866230273766
            ],
            [
              -123.13252403060214,
              42.56468393244033
            ],
            [
              -123.0567837805002,
              42.60770497242114
            ],
            [
              -122.96841578935542,
              42.63476434328607
            ],
            [
              -122.87350000000002,
              42.64399648177562
            ]
          ]
        ]
      }
    },
    {
      "type": "Feature",
      "properties": {
        "tag": "rbg",
        "label": "Roseburg",
        "parent": "s-or",
        "country": "US",
        "stateOrProvince": "OR",
        "priority": 50,
        "crossBorder": false,
        "crossBorderPairTag": null,
        "seedLat": 43.2388,
        "seedLon": -123.355,
        "seedRadiusKm": 24,
        "areaHintSqKm": 1810,
        "generation": {
          "source": "fallback-circle",
          "minutes": 35,
          "profile": "driving-car",
          "generatedAt": "2026-05-10T22:00:32.597Z"
        }
      },
      "geometry": {
        "type": "Polygon",
        "coordinates": [
          [
            [
              -123.355,
              43.45463718542049
            ],
            [
              -123.27805500716012,
              43.447256982466655
            ],
            [
              -123.20640669716695,
              43.42562450999053
            ],
            [
              -123.14497640103285,
              43.39122813554225
            ],
            [
              -123.09796429335708,
              43.34643118138922
            ],
            [
              -123.06855953896623,
              43.29430565098914
            ],
            [
              -123.05872706537667,
              43.23841771974185
            ],
            [
              -123.06908427986204,
              43.18258100307972
            ],
            [
              -123.09887317778418,
              43.13059539444932
            ],
            [
              -123.14602590067791,
              43.085989579167226
            ],
            [
              -123.20731559944788,
              43.05178434610608
            ],
            [
              -123.27857976590977,
              43.03029180043199
            ],
            [
              -123.355,
              43.02296281457949
            ],
            [
              -123.43142023409025,
              43.03029180043199
            ],
            [
              -123.50268440055213,
              43.05178434610608
            ],
            [
              -123.56397409932212,
              43.085989579167226
            ],
            [
              -123.61112682221584,
              43.13059539444932
            ],
            [
              -123.64091572013798,
              43.18258100307972
            ],
            [
              -123.65127293462335,
              43.23841771974185
            ],
            [
              -123.6414404610338,
              43.29430565098914
            ],
            [
              -123.61203570664294,
              43.34643118138922
            ],
            [
              -123.56502359896719,
              43.39122813554225
            ],
            [
              -123.50359330283307,
              43.42562450999053
            ],
            [
              -123.43194499283989,
              43.447256982466655
            ],
            [
              -123.355,
              43.45463718542049
            ]
          ]
        ]
      }
    },
    {
      "type": "Feature",
      "properties": {
        "tag": "lmt",
        "label": "Klamath Falls",
        "parent": "s-or",
        "country": "US",
        "stateOrProvince": "OR",
        "priority": 51,
        "crossBorder": false,
        "crossBorderPairTag": null,
        "seedLat": 42.1611,
        "seedLon": -121.7333,
        "seedRadiusKm": 26,
        "areaHintSqKm": 2124,
        "generation": {
          "source": "fallback-circle",
          "minutes": 35,
          "profile": "driving-car",
          "generatedAt": "2026-05-10T22:00:32.597Z"
        }
      },
      "geometry": {
        "type": "Polygon",
        "coordinates": [
          [
            [
              -121.73329999999997,
              42.39492361753888
            ],
            [
              -121.65136511441604,
              42.386927184319084
            ],
            [
              -121.57507287252376,
              42.3634886965796
            ],
            [
              -121.50966537270584,
              42.32622145317232
            ],
            [
              -121.45961534021399,
              42.27768694138965
            ],
            [
              -121.42831730955687,
              42.221214372379904
            ],
            [
              -121.41786087990991,
              42.16066796946009
            ],
            [
              -121.42890013516423,
              42.10017944606106
            ],
            [
              -121.46062483190033,
              42.04386500801138
            ],
            [
              -121.51083104611195,
              41.995546509902226
            ],
            [
              -121.5760823864021,
              41.95849528336124
            ],
            [
              -121.65194796221535,
              41.93521493296737
            ],
            [
              -121.73329999999997,
              41.92727638246114
            ],
            [
              -121.81465203778461,
              41.93521493296737
            ],
            [
              -121.89051761359786,
              41.95849528336124
            ],
            [
              -121.95576895388803,
              41.995546509902226
            ],
            [
              -122.00597516809962,
              42.04386500801138
            ],
            [
              -122.03769986483574,
              42.10017944606106
            ],
            [
              -122.04873912009005,
              42.16066796946009
            ],
            [
              -122.03828269044307,
              42.221214372379904
            ],
            [
              -122.00698465978596,
              42.27768694138965
            ],
            [
              -121.95693462729413,
              42.32622145317232
            ],
            [
              -121.89152712747621,
              42.3634886965796
            ],
            [
              -121.8152348855839,
              42.386927184319084
            ],
            [
              -121.73329999999997,
              42.39492361753888
            ]
          ]
        ]
      }
    },
    {
      "type": "Feature",
      "properties": {
        "tag": "onp",
        "label": "Newport/Lincoln City",
        "parent": "coast-or",
        "country": "US",
        "stateOrProvince": "OR",
        "priority": 51,
        "crossBorder": false,
        "crossBorderPairTag": null,
        "seedLat": 44.5804,
        "seedLon": -124.058,
        "seedRadiusKm": 26,
        "areaHintSqKm": 2124,
        "generation": {
          "source": "fallback-circle",
          "minutes": 35,
          "profile": "driving-car",
          "generatedAt": "2026-05-10T22:00:32.597Z"
        }
      },
      "geometry": {
        "type": "Polygon",
        "coordinates": [
          [
            [
              -124.05800000000002,
              44.81422361753887
            ],
            [
              -123.97270281023931,
              44.806224609842744
            ],
            [
              -123.89328525023738,
              44.782779095975656
            ],
            [
              -123.8252081087417,
              44.7455022756838
            ],
            [
              -123.77312805665606,
              44.696958221373315
            ],
            [
              -123.74057577215328,
              44.64047871088003
            ],
            [
              -123.72972054921217,
              44.579929823941924
            ],
            [
              -123.74123587639588,
              44.519443926729075
            ],
            [
              -123.77427140099572,
              44.4631365087727
            ],
            [
              -123.82652834523957,
              44.414827540568865
            ],
            [
              -123.89442862259045,
              44.37778581022828
            ],
            [
              -123.9733629424953,
              44.35451239658736
            ],
            [
              -124.05800000000002,
              44.34657638246112
            ],
            [
              -124.14263705750474,
              44.35451239658736
            ],
            [
              -124.22157137740959,
              44.37778581022828
            ],
            [
              -124.28947165476049,
              44.414827540568865
            ],
            [
              -124.34172859900434,
              44.4631365087727
            ],
            [
              -124.37476412360417,
              44.519443926729075
            ],
            [
              -124.38627945078787,
              44.579929823941924
            ],
            [
              -124.37542422784676,
              44.64047871088003
            ],
            [
              -124.342871943344,
              44.696958221373315
            ],
            [
              -124.29079189125835,
              44.7455022756838
            ],
            [
              -124.22271474976266,
              44.782779095975656
            ],
            [
              -124.14329718976074,
              44.806224609842744
            ],
            [
              -124.05800000000002,
              44.81422361753887
            ]
          ]
        ]
      }
    },
    {
      "type": "Feature",
      "properties": {
        "tag": "ast",
        "label": "Astoria/Seaside",
        "parent": "coast-or",
        "country": "US",
        "stateOrProvince": "OR",
        "priority": 51,
        "crossBorder": false,
        "crossBorderPairTag": null,
        "seedLat": 46.158,
        "seedLon": -123.878,
        "seedRadiusKm": 23,
        "areaHintSqKm": 1662,
        "generation": {
          "source": "fallback-circle",
          "minutes": 35,
          "profile": "driving-car",
          "generatedAt": "2026-05-10T22:00:32.597Z"
        }
      },
      "geometry": {
        "type": "Polygon",
        "coordinates": [
          [
            [
              -123.87800000000001,
              46.36484396936132
            ],
            [
              -123.80043017126394,
              46.35776976517887
            ],
            [
              -123.72820330678756,
              46.3370345243243
            ],
            [
              -123.66628285679509,
              46.304065711023426
            ],
            [
              -123.61890335450278,
              46.26112968993955
            ],
            [
              -123.58927797245845,
              46.21117197080648
            ],
            [
              -123.57938395161784,
              46.157611231695064
            ],
            [
              -123.58983922505224,
              46.10410257632698
            ],
            [
              -123.61987547985763,
              46.054287153602964
            ],
            [
              -123.66740538205399,
              46.01154551533816
            ],
            [
              -123.72917545221415,
              45.978771087523086
            ],
            [
              -123.80099144392949,
              45.95817814841107
            ],
            [
              -123.87800000000001,
              45.9511560306387
            ],
            [
              -123.95500855607052,
              45.95817814841107
            ],
            [
              -124.02682454778588,
              45.978771087523086
            ],
            [
              -124.08859461794603,
              46.01154551533816
            ],
            [
              -124.1361245201424,
              46.054287153602964
            ],
            [
              -124.16616077494776,
              46.10410257632698
            ],
            [
              -124.17661604838217,
              46.157611231695064
            ],
            [
              -124.16672202754157,
              46.21117197080648
            ],
            [
              -124.13709664549725,
              46.26112968993955
            ],
            [
              -124.08971714320492,
              46.304065711023426
            ],
            [
              -124.02779669321247,
              46.3370345243243
            ],
            [
              -123.95556982873607,
              46.35776976517887
            ],
            [
              -123.87800000000001,
              46.36484396936132
            ]
          ]
        ]
      }
    },
    {
      "type": "Feature",
      "properties": {
        "tag": "oth",
        "label": "North Bend/Coos Bay",
        "parent": "coast-or",
        "country": "US",
        "stateOrProvince": "OR",
        "priority": 51,
        "crossBorder": false,
        "crossBorderPairTag": null,
        "seedLat": 43.4171,
        "seedLon": -124.246,
        "seedRadiusKm": 26,
        "areaHintSqKm": 2124,
        "generation": {
          "source": "fallback-circle",
          "minutes": 35,
          "profile": "driving-car",
          "generatedAt": "2026-05-10T22:00:32.597Z"
        }
      },
      "geometry": {
        "type": "Polygon",
        "coordinates": [
          [
            [
              -124.24599999999998,
              43.650923617538865
            ],
            [
              -124.16237194631702,
              43.64292587362795
            ],
            [
              -124.08450585201663,
              43.61948380873885
            ],
            [
              -124.01775392658146,
              43.58221168931559
            ],
            [
              -123.96668152437144,
              43.533672318645806
            ],
            [
              -123.93475175303666,
              43.47719621468747
            ],
            [
              -123.92409437105907,
              43.416648546178756
            ],
            [
              -123.93537326626215,
              43.35616135925677
            ],
            [
              -123.96775802601191,
              43.29985049535223
            ],
            [
              -124.01899697804845,
              43.251536849836285
            ],
            [
              -124.08558237867376,
              43.21449045908031
            ],
            [
              -124.16299348455915,
              43.19121364127188
            ],
            [
              -124.24599999999998,
              43.18327638246113
            ],
            [
              -124.32900651544084,
              43.19121364127188
            ],
            [
              -124.40641762132623,
              43.21449045908031
            ],
            [
              -124.47300302195153,
              43.251536849836285
            ],
            [
              -124.52424197398807,
              43.29985049535223
            ],
            [
              -124.55662673373784,
              43.35616135925677
            ],
            [
              -124.56790562894092,
              43.416648546178756
            ],
            [
              -124.55724824696333,
              43.47719621468747
            ],
            [
              -124.52531847562855,
              43.533672318645806
            ],
            [
              -124.47424607341851,
              43.58221168931559
            ],
            [
              -124.40749414798336,
              43.61948380873885
            ],
            [
              -124.32962805368297,
              43.64292587362795
            ],
            [
              -124.24599999999998,
              43.650923617538865
            ]
          ]
        ]
      }
    },
    {
      "type": "Feature",
      "properties": {
        "tag": "bend",
        "label": "Bend/Redmond",
        "parent": "c-or",
        "country": "US",
        "stateOrProvince": "OR",
        "priority": 57,
        "crossBorder": false,
        "crossBorderPairTag": null,
        "seedLat": 44.2541,
        "seedLon": -121.1499,
        "seedRadiusKm": 33,
        "areaHintSqKm": 3421,
        "generation": {
          "source": "fallback-circle",
          "minutes": 35,
          "profile": "driving-car",
          "generatedAt": "2026-05-10T22:00:32.597Z"
        }
      },
      "geometry": {
        "type": "Polygon",
        "coordinates": [
          [
            [
              -121.14990000000002,
              44.55087612995318
            ],
            [
              -121.04213321296297,
              44.54071323252269
            ],
            [
              -120.94181664542596,
              44.510927343371044
            ],
            [
              -120.85586384056074,
              44.46357617581303
            ],
            [
              -120.79015963637775,
              44.40192450820105
            ],
            [
              -120.7491520360542,
              44.33021139606351
            ],
            [
              -120.73555755216422,
              44.25335115377574
            ],
            [
              -120.75019752114862,
              44.17659123299516
            ],
            [
              -120.79197049545098,
              44.10515220787236
            ],
            [
              -120.8579548811594,
              44.043874958508724
            ],
            [
              -120.94362757491206,
              43.996898218926056
            ],
            [
              -121.04317876847026,
              43.96738643624313
            ],
            [
              -121.14990000000002,
              43.95732387004682
            ],
            [
              -121.25662123152975,
              43.96738643624313
            ],
            [
              -121.35617242508798,
              43.996898218926056
            ],
            [
              -121.4418451188406,
              44.043874958508724
            ],
            [
              -121.50782950454904,
              44.10515220787236
            ],
            [
              -121.54960247885138,
              44.17659123299516
            ],
            [
              -121.5642424478358,
              44.25335115377574
            ],
            [
              -121.5506479639458,
              44.33021139606351
            ],
            [
              -121.50964036362225,
              44.40192450820105
            ],
            [
              -121.44393615943926,
              44.46357617581303
            ],
            [
              -121.35798335457405,
              44.510927343371044
            ],
            [
              -121.25766678703707,
              44.54071323252269
            ],
            [
              -121.14990000000002,
              44.55087612995318
            ]
          ]
        ]
      }
    },
    {
      "type": "Feature",
      "properties": {
        "tag": "pdt",
        "label": "Pendleton",
        "parent": "c-or",
        "country": "US",
        "stateOrProvince": "OR",
        "priority": 50,
        "crossBorder": false,
        "crossBorderPairTag": null,
        "seedLat": 45.6951,
        "seedLon": -118.8418,
        "seedRadiusKm": 24,
        "areaHintSqKm": 1810,
        "generation": {
          "source": "fallback-circle",
          "minutes": 35,
          "profile": "driving-car",
          "generatedAt": "2026-05-10T22:00:32.597Z"
        }
      },
      "geometry": {
        "type": "Polygon",
        "coordinates": [
          [
            [
              -118.8418,
              45.91093718542048
            ],
            [
              -118.76152235978405,
              45.90355467227504
            ],
            [
              -118.68677578255848,
              45.88191589466601
            ],
            [
              -118.62269802308053,
              45.847510925299474
            ],
            [
              -118.57367154413514,
              45.80270540579308
            ],
            [
              -118.5430207558174,
              45.750573643105575
            ],
            [
              -118.53279015232937,
              45.6946834795331
            ],
            [
              -118.54361707590702,
              45.6388491175984
            ],
            [
              -118.57470440914187,
              45.58686980893576
            ],
            [
              -118.62389068597415,
              45.542272548139145
            ],
            [
              -118.68780867028018,
              45.508075840529614
            ],
            [
              -118.76211870258865,
              45.486589523039925
            ],
            [
              -118.8418,
              45.479262814579506
            ],
            [
              -118.92148129741136,
              45.486589523039925
            ],
            [
              -118.99579132971984,
              45.508075840529614
            ],
            [
              -119.05970931402584,
              45.542272548139145
            ],
            [
              -119.10889559085814,
              45.58686980893576
            ],
            [
              -119.13998292409298,
              45.6388491175984
            ],
            [
              -119.15080984767063,
              45.6946834795331
            ],
            [
              -119.14057924418259,
              45.750573643105575
            ],
            [
              -119.10992845586487,
              45.80270540579308
            ],
            [
              -119.06090197691948,
              45.847510925299474
            ],
            [
              -118.99682421744153,
              45.88191589466601
            ],
            [
              -118.92207764021596,
              45.90355467227504
            ],
            [
              -118.8418,
              45.91093718542048
            ]
          ]
        ]
      }
    },
    {
      "type": "Feature",
      "properties": {
        "tag": "bke",
        "label": "Baker City",
        "parent": "c-or",
        "country": "US",
        "stateOrProvince": "OR",
        "priority": 49,
        "crossBorder": false,
        "crossBorderPairTag": null,
        "seedLat": 44.8383,
        "seedLon": -117.809,
        "seedRadiusKm": 23,
        "areaHintSqKm": 1662,
        "generation": {
          "source": "fallback-circle",
          "minutes": 35,
          "profile": "driving-car",
          "generatedAt": "2026-05-10T22:00:32.598Z"
        }
      },
      "geometry": {
        "type": "Polygon",
        "coordinates": [
          [
            [
              -117.809,
              45.0451439693613
            ],
            [
              -117.7332396382803,
              45.03807094630521
            ],
            [
              -117.66269510367982,
              45.0173389290858
            ],
            [
              -117.60221241752598,
              44.98437451019028
            ],
            [
              -117.55592714786414,
              44.94144286850636
            ],
            [
              -117.52697896556671,
              44.891488336035145
            ],
            [
              -117.51730177697152,
              44.837928738525406
            ],
            [
              -117.5275025276504,
              44.78441887942066
            ],
            [
              -117.5568339904342,
              44.734600235678286
            ],
            [
              -117.60325955928863,
              44.69185422353044
            ],
            [
              -117.66360196384562,
              44.65907543657334
            ],
            [
              -117.73376321795968,
              44.63847931288743
            ],
            [
              -117.809,
              44.63145603063868
            ],
            [
              -117.88423678204032,
              44.63847931288743
            ],
            [
              -117.95439803615437,
              44.65907543657334
            ],
            [
              -118.01474044071135,
              44.69185422353044
            ],
            [
              -118.06116600956577,
              44.734600235678286
            ],
            [
              -118.09049747234958,
              44.78441887942066
            ],
            [
              -118.10069822302846,
              44.837928738525406
            ],
            [
              -118.09102103443327,
              44.891488336035145
            ],
            [
              -118.06207285213584,
              44.94144286850636
            ],
            [
              -118.015787582474,
              44.98437451019028
            ],
            [
              -117.95530489632016,
              45.0173389290858
            ],
            [
              -117.8847603617197,
              45.03807094630521
            ],
            [
              -117.809,
              45.0451439693613
            ]
          ]
        ]
      }
    },
    {
      "type": "Feature",
      "properties": {
        "tag": "boi",
        "label": "Boise Metro",
        "parent": "id",
        "country": "US",
        "stateOrProvince": "ID",
        "priority": 63,
        "crossBorder": false,
        "crossBorderPairTag": null,
        "seedLat": 43.5644,
        "seedLon": -116.223,
        "seedRadiusKm": 43,
        "areaHintSqKm": 5809,
        "generation": {
          "source": "fallback-circle",
          "minutes": 35,
          "profile": "driving-car",
          "generatedAt": "2026-05-10T22:00:32.598Z"
        }
      },
      "geometry": {
        "type": "Polygon",
        "coordinates": [
          [
            [
              -116.223,
              43.95110829054505
            ],
            [
              -116.08400848033267,
              43.937847669382116
            ],
            [
              -115.95466359775386,
              43.8989865269991
            ],
            [
              -115.8439066829859,
              43.837219581480596
            ],
            [
              -115.7593300261983,
              43.75681914935179
            ],
            [
              -115.70664806483784,
              43.663326791499344
            ],
            [
              -115.6893222909179,
              43.56315881710471
            ],
            [
              -115.70836092805274,
              43.4631571163958
            ],
            [
              -115.76229686179077,
              43.370119036429806
            ],
            [
              -115.84733259924054,
              43.290339182455085
            ],
            [
              -115.95763062318474,
              43.22919284167516
            ],
            [
              -116.08572153338598,
              43.19078603034763
            ],
            [
              -116.223,
              43.17769170945493
            ],
            [
              -116.36027846661403,
              43.19078603034763
            ],
            [
              -116.48836937681527,
              43.22919284167516
            ],
            [
              -116.59866740075945,
              43.290339182455085
            ],
            [
              -116.68370313820922,
              43.370119036429806
            ],
            [
              -116.73763907194727,
              43.4631571163958
            ],
            [
              -116.75667770908211,
              43.56315881710471
            ],
            [
              -116.73935193516218,
              43.663326791499344
            ],
            [
              -116.6866699738017,
              43.75681914935179
            ],
            [
              -116.60209331701411,
              43.837219581480596
            ],
            [
              -116.49133640224618,
              43.8989865269991
            ],
            [
              -116.36199151966734,
              43.937847669382116
            ],
            [
              -116.223,
              43.95110829054505
            ]
          ]
        ]
      }
    },
    {
      "type": "Feature",
      "properties": {
        "tag": "cda",
        "label": "Coeur d'Alene/N. Idaho",
        "parent": "id",
        "country": "US",
        "stateOrProvince": "ID",
        "priority": 62,
        "crossBorder": false,
        "crossBorderPairTag": "geg",
        "seedLat": 47.7069,
        "seedLon": -116.82,
        "seedRadiusKm": 38,
        "areaHintSqKm": 4536,
        "generation": {
          "source": "fallback-circle",
          "minutes": 35,
          "profile": "driving-car",
          "generatedAt": "2026-05-10T22:00:32.598Z"
        }
      },
      "geometry": {
        "type": "Polygon",
        "coordinates": [
          [
            [
              -116.82000000000002,
              48.04864221024913
            ],
            [
              -116.68772042475985,
              48.03692196863963
            ],
            [
              -116.56462506050514,
              48.00257531370837
            ],
            [
              -116.45922573935728,
              47.947984746503074
            ],
            [
              -116.37874844339235,
              47.87692734615643
            ],
            [
              -116.32862974626977,
              47.79430186633807
            ],
            [
              -116.31216018505883,
              47.70577969633533
            ],
            [
              -116.3302945221468,
              47.61740760730294
            ],
            [
              -116.38163198393566,
              47.5351921645635
            ],
            [
              -116.46255546635489,
              47.46469490478674
            ],
            [
              -116.56750877630395,
              47.4106645006741
            ],
            [
              -116.68938537589241,
              47.376727927867265
            ],
            [
              -116.82000000000002,
              47.36515778975088
            ],
            [
              -116.95061462410762,
              47.376727927867265
            ],
            [
              -117.07249122369606,
              47.4106645006741
            ],
            [
              -117.17744453364513,
              47.46469490478674
            ],
            [
              -117.25836801606435,
              47.5351921645635
            ],
            [
              -117.30970547785321,
              47.61740760730294
            ],
            [
              -117.3278398149412,
              47.70577969633533
            ],
            [
              -117.31137025373026,
              47.79430186633807
            ],
            [
              -117.26125155660768,
              47.87692734615643
            ],
            [
              -117.18077426064275,
              47.947984746503074
            ],
            [
              -117.07537493949489,
              48.00257531370837
            ],
            [
              -116.95227957524018,
              48.03692196863963
            ],
            [
              -116.82000000000002,
              48.04864221024913
            ]
          ]
        ]
      }
    },
    {
      "type": "Feature",
      "properties": {
        "tag": "fca",
        "label": "Flathead Valley/Kalispell/Glacier",
        "parent": "mt",
        "country": "US",
        "stateOrProvince": "MT",
        "priority": 58,
        "crossBorder": false,
        "crossBorderPairTag": null,
        "seedLat": 48.3105,
        "seedLon": -114.2558,
        "seedRadiusKm": 58,
        "areaHintSqKm": 10568,
        "generation": {
          "source": "fallback-circle",
          "minutes": 35,
          "profile": "driving-car",
          "generatedAt": "2026-05-10T22:00:32.598Z"
        }
      },
      "geometry": {
        "type": "Polygon",
        "coordinates": [
          [
            [
              -114.2558,
              48.832106531432856
            ],
            [
              -114.05078953402288,
              48.81415238752641
            ],
            [
              -113.86016283876214,
              48.761550515970825
            ],
            [
              -113.69720890122457,
              48.67798633637899
            ],
            [
              -113.5731348535978,
              48.56929094611574
            ],
            [
              -113.49627662650116,
              48.44300618558607
            ],
            [
              -113.47156687308666,
              48.30783426207196
            ],
            [
              -113.50028437259367,
              48.173019415497734
            ],
            [
              -113.58007684416465,
              48.047710254313635
            ],
            [
              -113.70522540630685,
              47.94034766876881
            ],
            [
              -113.86710584239351,
              47.85811642235748
            ],
            [
              -114.05479829317994,
              47.80649040707162
            ],
            [
              -114.2558,
              47.78889346856713
            ],
            [
              -114.45680170682003,
              47.80649040707162
            ],
            [
              -114.64449415760646,
              47.85811642235748
            ],
            [
              -114.80637459369312,
              47.94034766876881
            ],
            [
              -114.93152315583531,
              48.047710254313635
            ],
            [
              -115.0113156274063,
              48.173019415497734
            ],
            [
              -115.04003312691329,
              48.30783426207196
            ],
            [
              -115.0153233734988,
              48.44300618558607
            ],
            [
              -114.9384651464022,
              48.56929094611574
            ],
            [
              -114.8143910987754,
              48.67798633637899
            ],
            [
              -114.65143716123784,
              48.761550515970825
            ],
            [
              -114.46081046597709,
              48.81415238752641
            ],
            [
              -114.2558,
              48.832106531432856
            ]
          ]
        ]
      }
    },
    {
      "type": "Feature",
      "properties": {
        "tag": "yvr",
        "label": "Metro Vancouver",
        "parent": "bc",
        "country": "CA",
        "stateOrProvince": "BC",
        "priority": 68,
        "crossBorder": false,
        "crossBorderPairTag": null,
        "seedLat": 49.1947,
        "seedLon": -123.1792,
        "seedRadiusKm": 42,
        "areaHintSqKm": 5542,
        "generation": {
          "source": "fallback-circle",
          "minutes": 35,
          "profile": "driving-car",
          "generatedAt": "2026-05-10T22:00:32.598Z"
        }
      },
      "geometry": {
        "type": "Polygon",
        "coordinates": [
          [
            [
              -123.17920000000002,
              49.57241507448587
            ],
            [
              -123.02849015278372,
              49.559447245771224
            ],
            [
              -122.88827634094515,
              49.521447326646886
            ],
            [
              -122.76827731074647,
              49.46105895563902
            ],
            [
              -122.67672777644887,
              49.38247079906413
            ],
            [
              -122.61980266645675,
              49.291111053753276
            ],
            [
              -122.6012150693094,
              49.19325792746525
            ],
            [
              -122.6220092922521,
              49.09559798325071
            ],
            [
              -122.68054987639928,
              49.004766035095805
            ],
            [
              -122.77269086823242,
              48.926898895772474
            ],
            [
              -122.89209874681855,
              48.867231580043054
            ],
            [
              -123.03069708450207,
              48.8297595341284
            ],
            [
              -123.17920000000002,
              48.816984925514134
            ],
            [
              -123.32770291549797,
              48.8297595341284
            ],
            [
              -123.46630125318147,
              48.867231580043054
            ],
            [
              -123.58570913176762,
              48.926898895772474
            ],
            [
              -123.67785012360075,
              49.004766035095805
            ],
            [
              -123.73639070774794,
              49.09559798325071
            ],
            [
              -123.75718493069063,
              49.19325792746525
            ],
            [
              -123.73859733354328,
              49.291111053753276
            ],
            [
              -123.68167222355115,
              49.38247079906413
            ],
            [
              -123.59012268925355,
              49.46105895563902
            ],
            [
              -123.47012365905488,
              49.521447326646886
            ],
            [
              -123.32990984721633,
              49.559447245771224
            ],
            [
              -123.17920000000002,
              49.57241507448587
            ]
          ]
        ]
      }
    },
    {
      "type": "Feature",
      "properties": {
        "tag": "fra",
        "label": "Fraser Valley",
        "parent": "bc",
        "country": "CA",
        "stateOrProvince": "BC",
        "priority": 57,
        "crossBorder": false,
        "crossBorderPairTag": null,
        "seedLat": 49.0253,
        "seedLon": -122.36,
        "seedRadiusKm": 33,
        "areaHintSqKm": 3421,
        "generation": {
          "source": "fallback-circle",
          "minutes": 35,
          "profile": "driving-car",
          "generatedAt": "2026-05-10T22:00:32.598Z"
        }
      },
      "geometry": {
        "type": "Polygon",
        "coordinates": [
          [
            [
              -122.36,
              49.32207612995317
            ],
            [
              -122.24218099524914,
              49.311904016352976
            ],
            [
              -122.13252834929524,
              49.282092986435266
            ],
            [
              -122.03861437575969,
              49.2347075833369
            ],
            [
              -121.96687428954563,
              49.173021855731534
            ],
            [
              -121.9221585710199,
              49.10128403502452
            ],
            [
              -121.90741348816346,
              49.02441503773132
            ],
            [
              -121.92350812697175,
              48.94766459575693
            ],
            [
              -121.96921183092925,
              48.876250679433646
            ],
            [
              -122.04131360215995,
              48.81500742581797
            ],
            [
              -122.13486600518169,
              48.7680645109975
            ],
            [
              -122.2435306657039,
              48.738577414039966
            ],
            [
              -122.36,
              48.72852387004682
            ],
            [
              -122.47646933429608,
              48.738577414039966
            ],
            [
              -122.58513399481829,
              48.7680645109975
            ],
            [
              -122.67868639784004,
              48.81500742581797
            ],
            [
              -122.75078816907074,
              48.876250679433646
            ],
            [
              -122.79649187302823,
              48.94766459575693
            ],
            [
              -122.81258651183653,
              49.02441503773132
            ],
            [
              -122.79784142898009,
              49.10128403502452
            ],
            [
              -122.75312571045436,
              49.173021855731534
            ],
            [
              -122.6813856242403,
              49.2347075833369
            ],
            [
              -122.58747165070476,
              49.282092986435266
            ],
            [
              -122.47781900475084,
              49.311904016352976
            ],
            [
              -122.36,
              49.32207612995317
            ]
          ]
        ]
      }
    },
    {
      "type": "Feature",
      "properties": {
        "tag": "vic",
        "label": "Victoria/S. Vancouver Island",
        "parent": "bc",
        "country": "CA",
        "stateOrProvince": "BC",
        "priority": 57,
        "crossBorder": false,
        "crossBorderPairTag": null,
        "seedLat": 48.649,
        "seedLon": -123.4269,
        "seedRadiusKm": 33,
        "areaHintSqKm": 3421,
        "generation": {
          "source": "fallback-circle",
          "minutes": 35,
          "profile": "driving-car",
          "generatedAt": "2026-05-10T22:00:32.598Z"
        }
      },
      "geometry": {
        "type": "Polygon",
        "coordinates": [
          [
            [
              -123.4269,
              48.945776129953174
            ],
            [
              -123.30997166269752,
              48.93560480592329
            ],
            [
              -123.20114614617606,
              48.905795929621355
            ],
            [
              -123.10793733970294,
              48.85841345851446
            ],
            [
              -123.03673168915017,
              48.79673064671747
            ],
            [
              -122.9923440659721,
              48.72499493978864
            ],
            [
              -122.97770047594294,
              48.648126689570695
            ],
            [
              -122.99366588677314,
              48.5713754338421
            ],
            [
              -123.03902119020249,
              48.49995936686981
            ],
            [
              -123.11058109131831,
              48.43871320336388
            ],
            [
              -123.20343575724759,
              48.39176739439421
            ],
            [
              -123.31129359351783,
              48.36227818574118
            ],
            [
              -123.4269,
              48.35222387004681
            ],
            [
              -123.5425064064822,
              48.36227818574118
            ],
            [
              -123.65036424275245,
              48.39176739439421
            ],
            [
              -123.74321890868171,
              48.43871320336388
            ],
            [
              -123.81477880979755,
              48.49995936686981
            ],
            [
              -123.86013411322689,
              48.5713754338421
            ],
            [
              -123.87609952405708,
              48.648126689570695
            ],
            [
              -123.86145593402793,
              48.72499493978864
            ],
            [
              -123.81706831084985,
              48.79673064671747
            ],
            [
              -123.74586266029709,
              48.85841345851446
            ],
            [
              -123.65265385382396,
              48.905795929621355
            ],
            [
              -123.5438283373025,
              48.93560480592329
            ],
            [
              -123.4269,
              48.945776129953174
            ]
          ]
        ]
      }
    }
  ]
}
